Gene,EntrezID,MotifName
ARNT,405,Arnt_Ahr_MA0006.1
AHR,196,Arnt_Ahr_MA0006.1
ATF4,468,ATF4_bZIP_DBD_dimeric_13_1
ATF4,468,Atf4_bZIP_DBD_dimeric_14_1
DDIT3,1649,Ddit3_Cebpa_MA0019.1
CEBPA,1050,Ddit3_Cebpa_MA0019.1
FEV,54738,FEV_ETS_DBD_monomeric_10_1
FOXO6,100132074,FOXO6_forkhead_DBD_dimeric_14_1
FOXO6,100132074,FOXO6_forkhead_DBD_monomeric_7_1
FOXO6,100132074,FOXO6_forkhead_DBD_putatively-multimeric_14_1
HAND1,9421,Hand1_Tcfe2a_MA0092.1
HIF1A,3091,HIF1A_ARNT_MA0259.1
ARNT,405,HIF1A_ARNT_MA0259.1
HSFY2,159119,HSFY2_HSF_DBD_dimeric_9_1
HSFY2,159119,HSFY2_HSF_DBD_dimer-of-dimers_15_1
VENTX,27287,Msx3_homeodomain_DBD_dimeric_18_1
VENTX,27287,Msx3_homeodomain_DBD_monomeric_8_1
MYC,4609,MYC_MAX_MA0059.1
MAX,4149,MYC_MAX_MA0059.1
NFE2L1,4779,NFE2L1_MafG_MA0089.1
MAFG,4097,NFE2L1_MafG_MA0089.1
NR1H2,7376,NR1H2_RXRA_MA0115.1
RXRA,6256,NR1H2_RXRA_MA0115.1
POU6F2,11281,POU6F2_POU_DBD_dimeric_16_1
POU6F2,11281,POU6F2_POU_full_monomeric_10_1
PPARG,5468,PPARG_RXRA_MA0065.2
RXRA,6256,PPARG_RXRA_MA0065.2
RHOX11,NA,Rhox11_homeodomain_DBD_monomeric_9_1
RXRA,6256,RXR_RAR_DR5_MA0159.1
RARG,5916,RXR_RAR_DR5_MA0159.1
RXRA,6256,RXRA_VDR_MA0074.1
VDR,7421,RXRA_VDR_MA0074.1
RXRB,6257,Rxrb_nuclearreceptor_DBD_dimeric_14_1
SHOX,6473,SHOX_homeodomain_DBD_monomeric_8_1
SPIC,121599,SPIC_ETS_full_monomeric_14_1
SRY,6736,SRY_HMG_DBD_dimeric_13_1
SRY,6736,SRY_HMG_DBD_dimeric_13_2
SRY,6736,SRY_HMG_DBD_dimeric_15_1
SRY,6736,SRY_HMG_DBD_dimeric_16_1
TAL1,6886,Tal1_Gata1_MA0140.1
GATA1,2623,Tal1_Gata1_MA0140.1
TAL1,6886,TAL1_TCF3_MA0091.1
TCF3,6929,TAL1_TCF3_MA0091.1
TLX1,3195,TLX1_NFIC_MA0119.1
NFIC,4782,TLX1_NFIC_MA0119.1
NA,NA,V_ACAAT_B_M00309
NA,NA,V_AFP1_Q6_M00616
NA,NA,V_APOLYA_B_M00310
NA,NA,V_ATATA_B_M00311
ATF4,468,V_ATF4_Q2_M00514
ATF4,468,V_ATF4_Q6_M01864
NA,NA,V_BARBIE_01_M00238
NA,NA,V_BEL1_B_M00312
NA,NA,V_CAAT_01_M00254
NA,NA,V_CAAT_C_M00200
NA,NA,V_CACBINDINGPROTEIN_Q6_M00720
CACD,772,V_CACD_01_M01113
NA,NA,V_CAP_01_M00253
NA,NA,V_COMP1_01_M00057
NA,NA,V_COUP_01_M00158
NA,NA,V_COUP_DR1_Q6_M00765
NR2F1,7025,V_COUPTF_Q6_M01036
NA,NA,V_CPHX_01_M01478
DMRTA2,63950,V_DMRT5_01_M01150
DMRTC2,63946,V_DMRT7_01_M01151
NA,NA,V_DOBOX4_01_M01359
NA,NA,V_DOBOX5_01_M01463
NA,NA,V_DTYPEPA_B_M00334
NA,NA,V_DUXBL_01_M02968
NA,NA,V_DUXL_01_M01390
NA,NA,V_E2_01_M00107
NA,NA,V_E2_Q6_01_M00928
NA,NA,V_E2_Q6_M00181
NA,NA,V_EBNA1_01_M01745
NA,NA,V_EBOX_Q6_01_M01034
ETS1,2113,V_ETS_B_M00340
ETS1,2113,V_ETS_Q4_M00771
ETS1,2113,V_ETS_Q6_M00971
NA,NA,V_FOX_Q2_M00809
GATA1,2623,V_GATA_C_M00203
GATA1,2623,V_GATA_Q6_M00789
NA,NA,V_GCM_Q2_M00634
NA,NA,V_GEN_INI_B_M00315
NA,NA,V_GEN_INI2_B_M00313
NA,NA,V_GEN_INI3_B_M00314
NA,NA,V_GM497_04_M02864
HAND1,9421,V_HAND1E47_01_M00222
E47,6929,V_HAND1E47_01_M00222
HMGA1,3159,V_HMGIY_01_M01653
HMGA1,3159,V_HMGIY_Q3_M01010
HMGA1,3159,V_HMGIY_Q4_M01879
HMGA1,3159,V_HMGIY_Q6_M00750
HNF1A,6927,V_HNF1_01_M00132
HNF1A,6927,V_HNF1_02_M01379
HNF1A,6927,V_HNF1_C_M00206
HNF1A,6927,V_HNF1_Q6_01_M01011
HNF1A,6927,V_HNF1_Q6_M00790
NA,NA,V_HP1SITEFACTOR_Q6_M00725
NA,NA,V_IK_Q5_M01169
NA,NA,V_IRC900814_03_M02766
NA,NA,V_IRC900814_04_M02870
NA,NA,V_LDSPOLYA_B_M00317
NA,NA,V_LPOLYA_B_M00318
NA,NA,V_LUN1_01_M00480
NA,NA,V_MEQ_01_M02049
NA,NA,V_MEQCJUN_02_M02048
NA,NA,V_MINI19_B_M00323
NA,NA,V_MINI20_B_M00324
VENTX,27287,V_MSX3_01_M01341
NA,NA,V_MTATA_B_M00320
NA,NA,V_MUSCLE_INI_B_M00321
NFAT5,10725,V_NFAT_Q4_01_M00935
NFE4,58160,V_NFE4_Q5_M02105
NA,NA,V_NFMUE1_Q6_M00651
NKX1-1,54729,V_NKX11_01_M01334
NA,NA,V_OBOX1_01_M01450
NA,NA,V_OBOX2_01_M01364
NA,NA,V_OBOX2_02_M03064
NA,NA,V_OBOX3_01_M01466
NA,NA,V_OBOX3_02_M03065
NA,NA,V_OBOX5_01_M01381
NA,NA,V_OBOX5_02_M01480
NA,NA,V_OBOX5_05_M03066
NA,NA,V_OBOX6_01_M01445
NA,NA,V_OBOX6_02_M03068
NA,NA,V_OBOX6_06_M03067
NA,NA,V_PADS_C_M00211
NA,NA,V_PAX_Q6_M00808
PBX1,5087,V_PBX_Q3_M00998
NA,NA,V_POLY_C_M00212
PPARG,5468,V_PPAR_DR1_Q2_M00763
NA,NA,V_PSX1_01_M01435
NA,NA,V_PTF1BETA_Q6_M00657
NA,NA,V_PUR1_Q4_M01721
NA,NA,V_R_01_M00273
NA,NA,V_RELBP52_01_M01239
NA,NA,V_RHOX11_01_M01347
NA,NA,V_RHOX11_02_M01384
NA,NA,V_RHOX11_05_M03099
NA,NA,V_RHOX11_06_M03100
RXRA,6256,V_RXR_RAR_01_M02272
RARA,5914,V_RXR_RAR_01_M02272
NA,NA,V_S8_01_M00099
NA,NA,V_S8_02_M01376
NA,NA,V_SEF1_C_M00214
NA,NA,V_SMAD_Q6_01_M00974
NA,NA,V_SMAD_Q6_M00792
NA,NA,V_SOX_01_M01286
NA,NA,V_SOX_Q6_M01014
NA,NA,V_SOX40_04_M02908
SPIC,121599,V_SPIC_01_M02042
SPIC,121599,V_SPIC_02_M02077
SREBP1,6720,V_SREBP_Q3_M00776
SREBP1,6720,V_SREBP_Q6_M01168
SRY,6736,V_SRY_01_M00148
SRY,6736,V_SRY_02_M00160
SRY,6736,V_SRY_05_M02917
SRY,6736,V_SRY_07_M02813
STAT1,6772,V_STAT_Q6_M00777
THRA,7067,V_T3R_01_M00239
THRA,7067,V_T3R_Q6_M00963
NA,NA,V_TAACC_B_M00331
TAL1,6886,V_TAL1_GATA1_01_M02243
GATA1,2623,V_TAL1_GATA1_01_M02243
NA,NA,V_TAXCREB_01_M00114
NA,NA,V_TAXCREB_02_M00115
NA,NA,V_UF1H3BETA_Q6_M01068
USF1,7391,V_USF_01_M00121
USF1,7391,V_USF_02_M00122
USF1,7391,V_USF_C_M00217
USF1,7391,V_USF_Q6_01_M00796
USF1,7391,V_USF_Q6_M00187
NA,NA,V_XFD1_01_M00267
NA,NA,V_XFD2_01_M00268
NA,NA,V_XFD3_01_M00269
NA,NA,V_XPF1_Q6_M00684
VENTX,27287,V_XVENT1_01_M00445
ZBTB12,221527,V_ZBTB12_03_M02824
ZBTB12,221527,V_ZBTB12_04_M02928
NA,NA,V_ZTA_Q2_M00711
ZBED1,9189,ZBED1_znf_BED_DBD_dimeric_13_1
ALX1,8092,Alx1_homeodomain_DBD_dimeric_13_1
ALX3,257,Alx3.1
ALX3,257,ALX3_homeodomain_full_dimeric_13_1
ALX4,60529,Alx4.1
ALX4,60529,Alx4_homeodomain_DBD_dimeric_13_1
AR,367,Ar_MA0007.1
AR,367,AR_nuclearreceptor_full_dimeric_17_1
ARID3A,1820,Arid3a.1
ARID5A,10865,Arid5a.1
ARNTL,406,ARNTL_bHLH_DBD_dimeric_10_1
ARX,170302,Arx.1
ARX,170302,Arx_homeodomain_DBD_dimeric_13_1
ASCL2,430,Ascl2.1
ASCL2,430,Ascl2_bHLH_DBD_dimeric_10_1
ATF1,466,Atf1.1
ATF4,643159,ATF4_bZIP_DBD_dimeric_13_1
ATF7,11016,ATF7_bZIP_DBD_dimeric_14_1
ATOH1,474,Atoh1_bHLH_DBD_dimeric_10_1
BAPX1,579,Bapx1.1
BARHL1,56751,Barhl1.1
BARHL1,56751,Barhl1_homeodomain_DBD_dimeric_16_1
BARHL2,343472,Barhl2.1
BARHL2,343472,BARHL2_homeodomain_full_dimeric_16_1
BARX1,56033,Barx1.1
BARX1,56033,BARX1_homeodomain_DBD_dimeric_17_1
BARX2,8538,Barx2.1
BATF3,55509,BATF3_bZIP_DBD_dimeric_14_1
BBX,56987,Bbx.1
BCL6B,255877,Bcl6b.1
BCL6B,255877,BCL6B_C2H2_DBD_monomeric_17_1
BHLHA15,168620,BHLHA15_bHLH_DBD_dimeric_10_1
BHLHB2,8553,Bhlhb2.1
BHLHB2,8553,Bhlhb2_bHLH_DBD_dimeric_10_1
BHLHB3,79365,BHLHB3_bHLH_full_dimeric_10_1
BHLHE22,27319,BHLHE22_bHLH_DBD_dimeric_12_1
BHLHE23,128408,BHLHE23_bHLH_DBD_dimeric_10_1
BHLHE41,79365,BHLHE41_bHLH_full_dimeric_10_1
BSX,390259,Bsx.1
BSX,390259,BSX_homeodomain_DBD_monomeric_8_1
CART1,9618,Cart1.2
CART1,9618,CART1_homeodomain_DBD_dimeric_13_1
CDX1,1044,Cdx1.1
CDX1,1044,CDX1_homeodomain_DBD_monomeric_9_1
CDX2,1045,Cdx2.1
CDX2,1045,CDX2_homeodomain_DBD_monomeric_9_1
CEBPA,1050,CEBPA_MA0102.2
CEBPB,1051,CEBPB_bZIP_full_dimeric_10_1
CEBPD,1052,CEBPD_bZIP_DBD_dimeric_10_1
CEBPE,1053,CEBPE_bZIP_DBD_dimeric_10_1
CEBPG,1054,CEBPG_bZIP_full_dimeric_10_1
CENPB,1059,CENPB_CENPB_full_monomeric_15_1
CLOCK,9575,CLOCK_bHLH_DBD_dimeric_10_1
CPEB1,64506,CPEB1_RRM_full_monomeric_8_1
CPHX,NA,Cphx.1
CREB3,10488,CREB3_bZIP_full_dimeric_14_1
CREB3L1,90993,CREB3L1_bZIP_full_dimeric_12_1
CREB3L2,64764,Creb3l2_bZIP_DBD_dimeric_12_1
CREB5,9586,Creb5_bZIP_DBD_dimeric_12_1
CRX,1406,Crx.1
CTCF,10664,CTCF_C2H2_full_monomeric_17_1
CTCF,10664,CTCF_MA0139.1
CUTL1,1523,Cutl1.1
CUX1,1523,CUX1_CUT_DBD_dimeric_17_1
CUX2,23316,CUX2_CUT_DBD_dimeric_18_1
DBP,1628,DBP_bZIP_full_dimeric_12_1
DBX1,120237,Dbx1.1
DBX2,440097,Dbx2.1
DLX1,1745,Dlx1.1
DLX1,1745,DLX1_homeodomain_DBD_monomeric_10_1
DLX2,1746,Dlx2.1
DLX2,1746,Dlx2_homeodomain_DBD_monomeric_8_1
DLX3,1747,Dlx3.1
DLX3,1747,DLX3_homeodomain_DBD_monomeric_8_1
DLX4,1748,Dlx4.1
DLX5,1749,Dlx5.1
DLX5,1749,DLX5_homeodomain_FL_monomeric_8_1
DLX6,1750,DLX6_homeodomain_DBD_monomeric_8_1
DMBX1,127343,Dmbx1.1
DMBX1,127343,DMBX1_homeodomain_DBD_monomeric_10_1
DOBOX4,NA,Dobox4.1
DOBOX5,NA,Dobox5.1
DPRX,503834,DPRX_homeodomain_DBD_monomeric_10_1
DRGX,644168,DRGX_homeodomain_DBD_dimeric_13_1
DUXA,503835,DUXA_homeodomain_DBD_dimeric_13_1
DUXL,NA,Duxl.1
E2F1,1869,E2F1_E2F_DBD_dimeric_12_1
E2F2,1870,E2F2.1
E2F2,1870,E2F2_E2F_DBD_dimeric_16_1
E2F3,1871,E2F3.1
E2F3,1871,E2F3_E2F_DBD_dimeric_18_2
E2F4,1874,E2F4_E2F_DBD_dimeric_12_2
E2F7,144455,E2F7_E2F_DBD_dimeric_14_1
E2F8,79733,E2F8_E2F_DBD_dimeric_12_1
EBF1,1879,EBF1_EBF_full_dimeric_14_1
EBF1,1879,EBF1_MA0154.1
EGR1,1958,Egr1.1
EGR1,1958,EGR1_C2H2_full_monomeric_14_1
EGR1,1958,Egr1_MA0162.1
EGR2,1959,EGR2_C2H2_DBD_monomeric_11_1
EGR3,1960,Egr3_C2H2_DBD_monomeric_15_1
EGR4,1961,EGR4_C2H2_DBD_monomeric_16_2
EHF,26298,Ehf.1
EHF,26298,EHF_ETS_full_monomeric_12_1
ELF1,1997,ELF1_ETS_full_monomeric_12_1
ELF2,1998,Elf2.1
ELF3,1999,Elf3.1
ELF3,1999,ELF3_ETS_DBD_monomeric_12_1
ELF4,2000,Elf4.1
ELF4,2000,ELF4_ETS_full_monomeric_12_1
ELF5,2001,Elf5.1
ELF5,2001,ELF5_ETS_full_monomeric_11_1
ELF5,2001,ELF5_MA0136.1
ELK1,2002,Elk1.1
ELK1,2002,ELK1_ETS_full_dimeric_17_1
ELK1,2002,ELK1_MA0028.1
ELK3,2004,Elk3.1
ELK3,2004,Elk3_ETS_DBD_monomeric_10_1
ELK4,2005,Elk4.1
ELK4,2005,ELK4_ETS_DBD_monomeric_10_1
ELK4,2005,ELK4_MA0076.1
EMX1,2016,EMX1_homeodomain_DBD_dimeric_14_1
EMX2,2018,Emx2.1
EMX2,2018,EMX2_homeodomain_DBD_dimeric_14_1
EN1,2019,En1.1
EN1,2019,EN1_homeodomain_DBD_monomeric_10_1
EN1,2019,En1_MA0027.1
EN2,2020,En2.1
EN2,2020,EN2_homeodomain_full_monomeric_10_1
EOMES,8320,Eomes.1
EOMES,8320,EOMES_TBX_DBD_dimeric_20_1
ERF,2077,ERF_ETS_DBD_monomeric_10_1
ERG,2078,Erg.1
ERG,2078,ERG_ETS_full_dimeric_14_1
ESR1,2099,ESR1_MA0112.2
ESR1,2099,ESR1_nuclearreceptor_DBD_dimeric_17_1
ESR2,2100,ESR2_MA0258.1
ESRRA,2101,Esrra.1
ESRRA,2101,Esrra_nuclearreceptor_DBD_dimeric_17_1
ESRRB,2103,Esrrb_MA0141.1
ESRRB,2103,ESRRB_nuclearreceptor_DBD_monomeric_11_1
ESRRG,2104,ESRRG_nuclearreceptor_full_dimeric_17_1
ESX1,80712,Esx1.1
ESX1,80712,ESX1_homeodomain_full_monomeric_10_1
ETS1,2113,Ets1.1
ETS1,2113,ETS1_ETS_full_dimeric_18_1
ETV1,2115,Etv1.1
ETV1,2115,ETV1_ETS_DBD_monomeric_10_1
ETV2,2116,ETV2_ETS_DBD_monomeric_11_1
ETV3,2117,Etv3.1
ETV3,2117,ETV3_ETS_DBD_monomeric_10_1
ETV4,2118,Etv4.1
ETV4,2118,ETV4_ETS_DBD_monomeric_10_1
ETV5,2119,Etv5.1
ETV5,2119,ETV5_ETS_DBD_monomeric_10_1
ETV6,2120,Etv6.1
ETV6,2120,ETV6_ETS_full_dimeric_15_1
EVI1,2122,Evi1_MA0029.1
EVX1,2128,Evx1.1
EVX1,2128,EVX1_homeodomain_DBD_monomeric_10_1
EVX2,344191,Evx2.1
EVX2,344191,EVX2_homeodomain_DBD_monomeric_10_1
EWSR1-FLI1,2130,EWSR1-FLI1_MA0149.1
EWSR1-FLI1,2313,EWSR1-FLI1_MA0149.1
FIGLA,344018,FIGLA_bHLH_DBD_dimeric_10_1
FLI1,2313,Fli1.1
FLI1,2313,FLI1_ETS_full_monomeric_10_1
FOXA1,3169,FOXA1_MA0148.1
FOXA2,3170,Foxa2.1
FOXA2,3170,Foxa2_MA0047.2
FOXB1,27023,FOXB1_forkhead_DBD_dimeric_18_1
FOXC1,2296,Foxc1_forkhead_DBD_dimeric_11_1
FOXC1,2296,FOXC1_MA0032.1
FOXC2,2303,FOXC2_forkhead_DBD_dimeric_11_1
FOXD1,2297,FOXD1_MA0031.1
FOXD2,2306,FOXD2_forkhead_DBD_dimeric_14_1
FOXD3,27022,FOXD3_forkhead_DBD_dimeric_14_1
FOXD3,27022,Foxd3_MA0041.1
FOXF2,2295,FOXF2_MA0030.1
FOXG1,2290,FOXG1_forkhead_DBD_dimeric_17_1
FOXI1,2299,FOXI1_forkhead_full_dimeric_17_1
FOXI1,2299,FOXI1_MA0042.1
FOXJ1,2302,Foxj1.1
FOXJ2,55810,FOXJ2_forkhead_DBD_dimeric_13_1
FOXJ3,22887,Foxj3.1
FOXJ3,22887,Foxj3_forkhead_DBD_dimeric_13_1
FOXK1,221937,Foxk1.1
FOXK1,221937,FOXK1_forkhead_DBD_putatively-multimeric_10_1
FOXL1,2300,Foxl1.1
FOXL1,2300,FOXL1_forkhead_full_dimeric_13_1
FOXL1,2300,FOXL1_MA0033.1
FOXO1,2308,FOXO1_forkhead_DBD_dimeric_14_1
FOXO3,2309,FOXO3_forkhead_full_dimeric_14_1
FOXO3,2309,FOXO3_MA0157.1
FOXO4,4303,FOXO4_forkhead_DBD_dimeric_14_1
FOXO6,100132074,FOXO6_forkhead_DBD_dimeric_14_1
FOXQ1,94234,Foxq1_MA0040.1
GABPA,2551,Gabpa.2
GABPA,2551,GABPA_ETS_full_monomeric_10_1
GABPA,2551,GABPA_MA0062.2
GATA1,2623,Gata1_MA0035.2
GATA3,2625,Gata3.1
GATA3,2625,GATA3_GATA_full_monomeric_8_1
GATA4,2626,GATA4_GATA_DBD_monomeric_8_1
GATA5,140628,Gata5.1
GATA5,140628,GATA5_GATA_DBD_monomeric_8_1
GATA6,2627,Gata6.1
GBX1,2636,Gbx1.1
GBX1,2636,GBX1_homeodomain_DBD_monomeric_10_1
GBX2,2637,Gbx2.1
GBX2,2637,GBX2_homeodomain_DBD_dimeric_14_1
GCM1,8521,Gcm1.1
GCM1,8521,GCM1_GCM_DBD_monomeric_10_1
GCM2,9247,GCM2_GCM_DBD_monomeric_10_1
GCN4,NA,GCN4.1
GFI,2672,Gfi_MA0038.1
GLI2,2736,GLI2_C2H2_DBD_monomeric_12_1
GLIS1,148979,GLIS1_C2H2_DBD_monomeric_16_1
GLIS2,84662,Glis2.1
GLIS2,84662,GLIS2_C2H2_DBD_monomeric_14_1
GLIS3,169792,GLIS3_C2H2_DBD_monomeric_14_1
GM397,201516,Gm397.1
GM4881,NA,Gm4881.1
GM5454,NA,Gm5454.1
GMEB1,10691,Gmeb1.1
GMEB2,26205,GMEB2_SAND_DBD_dimeric_8_2
GRHL1,29841,GRHL1_CP2_DBD_dimeric_10_1
GSC,145258,Gsc.1
GSC,145258,GSC_homeodomain_full_monomeric_10_1
GSC2,2928,GSC2_homeodomain_DBD_monomeric_10_1
GSH2,170825,Gsh2.1
GSX1,219409,GSX1_homeodomain_DBD_monomeric_10_1
GSX2,170825,GSX2_homeodomain_DBD_monomeric_10_1
HBP1,26959,Hbp1.1
HDX,139324,Hdx.1
HES5,388585,HES5_bHLH_DBD_dimeric_12_1
HES7,84667,HES7_bHLH_DBD_dimeric_12_1
HESX1,8820,HESX1_homeodomain_DBD_dimeric_15_1
HEY1,23462,HEY1_bHLH_DBD_dimeric_10_1
HEY2,23493,HEY2_bHLH_full_dimeric_10_1
HIC1,3090,Hic1.1
HIC1,3090,Hic1_C2H2_DBD_dimeric_18_1
HIC2,23119,HIC2_C2H2_DBD_monomeric_9_1
HINFP1,25988,HINFP1_C2H2_full_dimeric_19_1
HLF,3131,HLF_bZIP_full_dimeric_12_1
HLF,3131,HLF_MA0043.1
HLTF,6596,Hltf_MA0109.1
HLX1,3142,Hlx1.1
HLXB9,3110,Hlxb9.1
HMBOX1,79618,Hmbox1.1
HMBOX1,79618,HMBOX1_homeodomain_DBD_monomeric_10_1
HMX1,3166,Hmx1.1
HMX1,3166,HMX1_homeodomain_DBD_monomeric_11_1
HMX2,3167,Hmx2.1
HMX2,3167,HMX2_homeodomain_DBD_monomeric_11_1
HMX3,340784,Hmx3.1
HMX3,340784,HMX3_homeodomain_DBD_monomeric_11_1
HNF1A,6927,HNF1A_homeodomain_full_dimeric_15_1
HNF1A,6927,HNF1A_MA0046.1
HNF1B,6928,HNF1B_homeodomain_full_dimeric_13_1
HNF1B,6928,HNF1B_MA0153.1
HNF4A,3172,Hnf4a.1
HNF4A,3172,HNF4A_MA0114.1
HNF4A,3172,HNF4A_nuclearreceptor_full_dimeric_14_1
HOMEZ,57594,Homez.1
HOMEZ,57594,HOMEZ_HOMEZ_DBD_monomer-or-dimer_12_1
HOXA1,3198,Hoxa1.1
HOXA1,3198,HOXA1_homeodomain_DBD_monomeric_10_1
HOXA10,3206,Hoxa10.1
HOXA10,3206,HOXA10_homeodomain_DBD_monomeric_11_1
HOXA11,3207,Hoxa11.1
HOXA11,3207,Hoxa11_homeodomain_DBD_monomeric_11_1
HOXA13,3209,Hoxa13.1
HOXA13,3209,HOXA13_homeodomain_full_monomeric_10_1
HOXA2,3199,Hoxa2.1
HOXA2,3199,Hoxa2_homeodomain_DBD_monomeric_10_1
HOXA3,3200,Hoxa3.1
HOXA4,3201,Hoxa4.1
HOXA5,3202,Hoxa5.1
HOXA5,3202,HOXA5_MA0158.1
HOXA6,3203,Hoxa6.1
HOXA7,3204,Hoxa7.1
HOXA9,3205,Hoxa9.1
HOXB13,10481,Hoxb13.1
HOXB13,10481,HOXB13_homeodomain_DBD_monomeric_10_1
HOXB2,3212,HOXB2_homeodomain_DBD_monomeric_10_1
HOXB3,3213,Hoxb3.1
HOXB3,3213,HOXB3_homeodomain_DBD_monomeric_10_1
HOXB4,3214,Hoxb4.1
HOXB5,3215,Hoxb5.1
HOXB5,3215,HOXB5_homeodomain_DBD_monomeric_10_1
HOXB6,3216,Hoxb6.1
HOXB7,3217,Hoxb7.1
HOXB8,3218,Hoxb8.1
HOXB9,3219,Hoxb9.1
HOXC10,3226,Hoxc10.1
HOXC10,3226,Hoxc10_homeodomain_DBD_monomeric_10_1
HOXC11,3227,Hoxc11.1
HOXC11,3227,HOXC11_homeodomain_DBD_monomeric_11_1
HOXC12,3228,Hoxc12.1
HOXC12,3228,HOXC12_homeodomain_DBD_monomeric_11_1
HOXC13,3229,Hoxc13.1
HOXC13,3229,HOXC13_homeodomain_DBD_monomeric_10_1
HOXC4,3221,Hoxc4.1
HOXC5,3222,Hoxc5.1
HOXC6,3223,Hoxc6.1
HOXC8,3224,Hoxc8.1
HOXC9,3225,Hoxc9.1
HOXD1,3231,Hoxd1.1
HOXD10,3236,Hoxd10.1
HOXD11,3237,Hoxd11.1
HOXD11,3237,HOXD11_homeodomain_DBD_monomeric_10_1
HOXD12,3238,Hoxd12.1
HOXD12,3238,HOXD12_homeodomain_DBD_monomeric_11_1
HOXD13,3239,Hoxd13.1
HOXD13,3239,HOXD13_homeodomain_DBD_monomeric_10_1
HOXD3,3232,Hoxd3.1
HOXD3,3232,Hoxd3_homeodomain_DBD_monomeric_10_1
HOXD8,3234,Hoxd8.1
HOXD8,3234,HOXD8_homeodomain_DBD_monomeric_10_1
HOXD9,3235,Hoxd9_homeodomain_DBD_monomeric_10_1
HSF1,3297,HSF1_HSF_full_trimeric_13_1
HSF2,3298,HSF2_HSF_DBD_trimeric_13_1
HSF4,3299,HSF4_HSF_DBD_trimeric_13_1
HSFY2,86614,HSFY2_HSF_DBD_dimeric_9_1
ID4,3400,ID4_bHLH_DBD_dimeric_10_1
INSM1,3642,INSM1_MA0155.1
IPF1,3651,Ipf1.1
IRC900814,NA,IRC900814.1
IRF1,3659,IRF1_MA0050.1
IRF2,3660,IRF2_MA0051.1
IRF3,3661,Irf3.1
IRF3,3661,IRF3_IRF_full_trimeric_21_1
IRF4,3662,Irf4.1
IRF4,3662,IRF4_IRF_full_dimeric_15_1
IRF5,3663,Irf5.1
IRF5,3663,IRF5_IRF_full_dimeric_14_1
IRF6,3664,Irf6.1
IRF7,3665,IRF7_IRF_DBD_dimeric_14_1
IRF8,3394,IRF8_IRF_full_dimeric_14_1
IRF9,10379,IRF9_IRF_full_trimeric_15_1
IRX2,153572,Irx2.1
IRX2,153572,IRX2_homeodomain_DBD_dimeric_12_1
IRX3,79191,Irx3.2
IRX3,79191,Irx3_homeodomain_DBD_dimeric_12_1
IRX4,50805,Irx4.1
IRX5,10265,Irx5.1
IRX5,10265,IRX5_homeodomain_DBD_dimeric_12_1
IRX6,79190,Irx6.1
ISGF3G,10379,Isgf3g.1
ISL2,64843,Isl2.1
ISL2,64843,ISL2_homeodomain_DBD_monomeric_8_1
ISX,91464,Isx.1
ISX,91464,ISX_homeodomain_DBD_dimeric_13_1
JDP2,122953,JDP2_bZIP_full_dimeric_12_1
JUNDM2,122953,Jundm2.1
JUNFOS,3725,JUNFOS.1
JUNFOS,2353,JUNFOS.1
KLF12,11278,Klf12_C2H2_DBD_monomeric_15_1
KLF13,51621,KLF13_C2H2_full_monomeric_18_1
KLF14,136259,KLF14_C2H2_DBD_monomeric_14_1
KLF16,83855,KLF16_C2H2_DBD_monomeric_11_1
KLF4,9314,Klf4_MA0039.2
KLF7,8609,Klf7.1
LBX2,85474,Lbx2.1
LBX2,85474,LBX2_homeodomain_DBD_dimeric_13_1
LEF1,51176,Lef1.1
LEF1,51176,LEF1_HMG_DBD_monomeric_15_1
LHX1,3975,Lhx1.1
LHX2,9355,Lhx2.1
LHX2,9355,LHX2_homeodomain_DBD_dimeric_15_1
LHX3,8022,Lhx3.1
LHX3,8022,Lhx3_MA0135.1
LHX4,89884,Lhx4.1
LHX4,89884,Lhx4_homeodomain_DBD_monomeric_8_1
LHX5,64211,Lhx5.1
LHX6,26468,Lhx6.1
LHX6,26468,LHX6_homeodomain_full_dimeric_12_1
LHX8,431707,Lhx8.1
LHX8,431707,Lhx8_homeodomain_DBD_dimeric_12_1
LHX9,56956,Lhx9.1
LHX9,56956,LHX9_homeodomain_DBD_dimeric_13_1
LMX1A,4009,Lmx1a.1
LMX1A,4009,LMX1A_homeodomain_DBD_monomeric_8_1
LMX1B,4010,Lmx1b.1
LMX1B,4010,LMX1B_homeodomain_full_monomeric_8_1
MAFB,9935,Mafb.1
MAFB,9935,Mafb_bZIP_DBD_dimeric_17_1
MAFF,23764,MAFF_bZIP_DBD_dimeric_15_1
MAFG,4097,MAFG_bZIP_full_dimeric_21_1
MAFK,7975,Mafk.1
MAFK,7975,MAFK_bZIP_DBD_dimeric_21_1
MAX,4149,Max.1
MAX,4149,MAX_bHLH_DBD_dimeric_10_1
MAX,4149,MAX_MA0058.1
MEF2A,4205,MEF2A_MA0052.1
MEF2A,4205,MEF2A_MADS_DBD_dimeric_12_1
MEF2B,4207,MEF2B_MADS_full_dimeric_12_1
MEF2D,4209,MEF2D_MADS_DBD_dimeric_12_1
MEIS1,4211,Meis1.1
MEIS2,4212,Meis2_MEIS_DBD_dimeric_12_1
MEIS3,56917,Meis3_MEIS_DBD_dimeric_12_1
MEOX1,4222,Meox1.1
MEOX1,4222,MEOX1_homeodomain_full_monomeric_10_1
MEOX2,4223,MEOX2_homeodomain_DBD_dimeric_14_1
MESP1,55897,MESP1_bHLH_DBD_dimeric_10_1
MGA,23269,MGA_TBX_DBD_dimeric_18_1
MIXL1,83881,MIXL1_homeodomain_full_monomeric_10_1
MIZF,25988,MIZF_MA0131.1
MLX,6945,MLX_bHLH_full_dimeric_10_1
MLXIPL,51085,MLXIPL_bHLH_full_dimeric_10_1
MNT,4335,MNT_bHLH_DBD_dimeric_10_1
MNX1,3110,MNX1_homeodomain_DBD_monomeric_10_1
MRG1,4212,Mrg1.1
MRG2,56917,Mrg2.1
MSC,9242,MSC_bHLH_full_dimeric_10_1
MSX1,4487,Msx1.1
MSX1,4487,MSX1_homeodomain_DBD_dimeric_18_1
MSX2,4488,Msx2.1
MSX2,4488,MSX2_homeodomain_DBD_dimeric_18_1
MSX3,NA,Msx3.1
MSX3,NA,Msx3_homeodomain_DBD_dimeric_18_1
MTF1,4520,Mtf1.1
MTF1,4520,MTF1_C2H2_DBD_monomeric_14_1
MYB,4602,Myb.1
MYBL1,4603,Mybl1.1
MYBL1,4603,MYBL1_MYB_DBD_dimeric_12_1
MYBL2,4605,MYBL2_MYB_DBD_dimeric_14_1
MYC,4609,Myc_MA0147.1
MYCN,4613,Mycn_MA0104.2
MYF,4654,Myf_MA0055.1
MYF6,4618,Myf6.1
MYF6,4618,MYF6_bHLH_full_dimeric_10_1
MZF1,7593,MZF1_5-13_MA0057.1
NEUROD2,4761,NEUROD2_bHLH_full_dimeric_10_1
NEUROG2,63973,NEUROG2_bHLH_full_dimeric_10_1
NFAT5,10725,NFAT5_NFAT_DBD_dimeric_14_1
NFATC1,4772,NFATC1_NFAT_full_dimeric_14_1
NFE2,4778,NFE2_bZIP_DBD_dimeric_11_1
NFE2L2,4780,NFE2L2_MA0150.1
NFIA,4774,NFIA_NFI_full_dimeric_15_1
NFIB,4781,NFIB_NFI_full_dimeric_15_1
NFIL3,4783,NFIL3_bZIP_DBD_dimeric_12_1
NFIL3,4783,NFIL3_MA0025.1
NFIX,4784,NFIX_NFI_full_dimeric_15_2
NF-KAPPAB,4790,NF-kappaB_MA0061.1
NFKB1,4790,NFKB1_MA0105.1
NFKB1,4790,NFKB1_NFAT_DBD_dimeric_13_1
NFKB2,4791,NFKB2_NFAT_DBD_dimeric_13_1
NFYA,4800,NFYA_MA0060.1
NHLH1,4807,NHLH1_bHLH_full_dimeric_10_1
NHLH1,4807,NHLH1_MA0048.1
NKX1-1,54729,Nkx1-1.1
NKX1-2,390010,Nkx1-2.1
NKX2-2,4821,Nkx2-2.1
NKX2-3,159296,Nkx2-3.1
NKX2-3,159296,NKX2-3_homeodomain_full_monomeric_10_1
NKX2-4,644524,Nkx2-4.1
NKX2-5,1482,Nkx2-5.1
NKX2-6,137814,Nkx2-6.1
NKX2-8,26257,NKX2-8_homeodomain_full_monomeric_9_1
NKX2-9,26257,Nkx2-9.1
NKX3-1,4824,Nkx3-1.1
NKX3-1,4824,NKX3-1_homeodomain_full_monomeric_9_1
NKX3-2,579,NKX3-2_homeodomain_DBD_monomeric_9_1
NKX3-2,579,Nkx3-2_MA0122.1
NKX6-1,4825,Nkx6-1.2
NKX6-2,84504,NKX6-2_homeodomain_full_monomeric_8_1
NKX6-3,157848,Nkx6-3.1
NOBOX,135935,Nobox_MA0125.1
NOTO,344022,NOTO_homeodomain_DBD_monomeric_10_1
NR2C2,7182,NR2C2_nuclearreceptor_DBD_dimeric_14_1
NR2E1,7101,NR2E1_nuclearreceptor_full_dimeric_14_1
NR2F1,7025,NR2F1_MA0017.1
NR2F1,7025,NR2F1_nuclearreceptor_DBD_dimeric_15_1
NR2F2,7026,Nr2f2.1
NR2F6,2063,Nr2f6_nuclearreceptor_DBD_dimeric_15_1
NR3C1,2908,NR3C1_MA0113.1
NR3C1,2908,NR3C1_nuclearreceptor_DBD_dimeric_17_1
NR3C2,4306,NR3C2_nuclearreceptor_DBD_dimeric_17_1
NR4A2,4929,NR4A2_nuclearreceptor_full_dimeric_16_1
NRF1,4899,NRF1_NRF_full_dimeric_12_1
NRL,4901,NRL_bZIP_DBD_monomeric_11_1
OBOX1,NA,Obox1.1
OBOX2,NA,Obox2.1
OBOX3,NA,Obox3.1
OBOX5,NA,Obox5.2
OBOX6,NA,Obox6.1
1-Oct,5451,OCT1.1
OG2X,135935,Og2x.1
OLIG1,116448,OLIG1_bHLH_DBD_dimeric_10_1
OLIG2,10215,OLIG2_bHLH_full_dimeric_10_1
OLIG3,167826,OLIG3_bHLH_DBD_dimeric_10_1
ONECUT1,3175,ONECUT1_CUT_full_monomeric_14_1
ONECUT2,9480,ONECUT2_CUT_DBD_monomeric_14_1
ONECUT3,390874,ONECUT3_CUT_DBD_monomeric_14_1
OSR1,130497,Osr1.1
OSR2,116039,Osr2.1
OTP,23440,Otp.1
OTX1,5013,Otx1.1
OTX1,5013,Otx1_homeodomain_DBD_dimeric_15_1
OTX2,5015,Otx2.1
OTX2,5015,OTX2_homeodomain_DBD_dimeric_15_1
PAX1,5075,PAX1_PAX_DBD_monomeric_17_1
PAX2,5076,PAX2_PAX_DBD_monomeric_18_1
PAX3,5077,PAX3_PAX_DBD_dimeric_10_1
PAX4,5078,Pax4.1
PAX4,5078,Pax4_MA0068.1
PAX4,5078,PAX4_PAX_full_monomeric_8_1
PAX5,5079,Pax5_MA0014.1
PAX5,5079,PAX5_PAX_DBD_monomeric_18_1
PAX6,5080,Pax6.1
PAX6,5080,Pax6_MA0069.1
PAX6,5080,PAX6_PAX_DBD_monomeric_19_1
PAX7,5081,Pax7.1
PAX7,5081,PAX7_PAX_full_dimeric_10_1
PAX9,5083,PAX9_PAX_DBD_monomeric_17_1
PBX1,5087,Pbx1.1
PBX1,5087,PBX1_MA0070.1
PDX1,3651,PDX1_homeodomain_DBD_dimeric_18_1
PHOX2A,401,Phox2a.1
PHOX2A,401,PHOX2A_homeodomain_DBD_dimeric_11_1
PHOX2B,8929,Phox2b.1
PHOX2B,8929,PHOX2B_homeodomain_full_dimeric_11_1
PITX1,5307,Pitx1.1
PITX1,5307,PITX1_homeodomain_full_monomeric_8_1
PITX2,5308,Pitx2.1
PITX3,5309,Pitx3.1
PITX3,5309,PITX3_homeodomain_DBD_monomeric_9_1
PKNOX1,5316,Pknox1.1
PKNOX1,5316,PKNOX1_MEIS_DBD_dimeric_12_1
PKNOX2,63876,Pknox2.1
PKNOX2,63876,Pknox2_MEIS_DBD_dimeric_12_1
PLAG1,5324,PLAG1_MA0163.1
PLAGL1,5325,Plagl1.1
POU1F1,5449,Pou1f1.1
POU1F1,5449,POU1F1_POU_DBD_monomeric_14_1
POU2F1,5451,Pou2f1.1
POU2F1,5451,POU2F1_POU_DBD_dimeric_14_1
POU2F2,5452,Pou2f2.1
POU2F2,5452,Pou2f2_POU_DBD_dimeric_14_1
POU2F3,25833,Pou2f3.1
POU2F3,25833,POU2F3_POU_DBD_dimeric_12_1
POU3F1,5453,Pou3f1.1
POU3F1,5453,POU3F1_POU_DBD_monomeric_12_1
POU3F2,5454,Pou3f2.1
POU3F2,5454,POU3F2_POU_DBD_monomeric_12_1
POU3F3,5455,Pou3f3.1
POU3F3,5455,POU3F3_POU_DBD_dimeric_12_1
POU3F4,5456,Pou3f4.1
POU3F4,5456,POU3F4_POU_DBD_monomeric_11_1
POU4F1,5457,POU4F1_POU_DBD_monomeric_14_1
POU4F2,5458,POU4F2_POU_full_monomeric_16_1
POU4F3,5459,Pou4f3.1
POU4F3,5459,POU4F3_POU_DBD_monomeric_16_1
POU5F1,5460,Pou5f1_MA0142.1
POU5F1P1,5462,POU5F1P1_POU_DBD_monomeric_12_1
POU6F1,5463,Pou6f1.2
POU6F2,11281,POU6F2_POU_DBD_dimeric_16_1
PPARG,5468,PPARG_MA0066.1
PRDM1,639,PRDM1_C2H2_full_monomeric-or-dimeric_15_1
PRDM4,11108,PRDM4_C2H2_full_monomeric_13_1
PROP1,5626,Prop1.1
PROP1,5626,PROP1_homeodomain_full_dimeric_11_1
PROX1,5629,PROX1_PROX_DBD_dimeric_12_1
PRRX1,5396,Prrx1.1
PRRX1,5396,PRRX1_homeodomain_full_dimeric_11_1
PRRX2,51450,Prrx2.1
PRRX2,51450,PRRX2_homeodomain_full_monomeric_8_1
RARA,5914,Rara.1
RARA,5914,RARA_nuclearreceptor_DBD_dimeric_18_2
RARB,5915,Rarb_nuclearreceptor_DBD_dimeric_17_1
RARG,5916,RARG_nuclearreceptor_DBD_dimeric_17_1
RAX,30062,Rax.1
RAX,30062,RAX_homeodomain_DBD_monomeric_10_1
RAXL1,84839,RAXL1_homeodomain_DBD_monomeric_8_1
REL,5966,REL_MA0101.1
RELA,5970,RELA_MA0107.1
REST,5978,REST_MA0138.2
RFX2,5990,RFX2_RFX_DBD_dimeric_15_1
RFX3,5991,Rfx3.1
RFX3,5991,RFX3_RFX_DBD_dimeric_15_1
RFX4,5992,Rfx4.1
RFX4,5992,RFX4_RFX_DBD_dimeric_15_1
RFX5,5993,RFX5_RFX_DBD_dimeric_16_3
RFXDC2,64864,Rfxdc2.2
RHOX11,NA,Rhox11.1
RHOX11,NA,Rhox11_homeodomain_DBD_monomeric_9_1
RHOX6,NA,Rhox6.1
RHOXF1,158800,RHOXF1_homeodomain_full_dimeric_9_1
RORA,6095,RORA_1_MA0071.1
RORA,6095,RORA_nuclearreceptor_DBD_dimeric_19_1
RREB1,6239,RREB1_MA0073.1
RUNX1,861,RUNX1_MA0002.2
RUNX2,860,RUNX2_RUNX_DBD_dimeric_16_1
RUNX3,864,RUNX3_RUNX_DBD_dimeric_16_1
RXRA,6256,Rxra.1
RXRA,6256,Rxra_nuclearreceptor_DBD_dimeric_12_1
RXRB,6257,Rxrb_nuclearreceptor_DBD_dimeric_14_1
RXRG,6258,RXRG_nuclearreceptor_DBD_dimeric_14_2
SCRT1,83482,SCRT1_C2H2_DBD_monomeric_15_1
SCRT2,85508,SCRT2_C2H2_DBD_monomeric_13_1
SFPI1,6688,Sfpi1.2
SHOX,6473,SHOX_homeodomain_DBD_monomeric_8_1
SHOX2,6474,Shox2.1
SHOX2,6474,Shox2_homeodomain_DBD_monomeric_8_1
SIX1,6495,Six1.1
SIX2,10736,Six2.1
SIX3,6496,Six3.1
SIX4,51804,Six4.1
SIX6,4990,Six6.2
SMAD3,4088,Smad3.1
SMAD3,4088,SMAD3_MAD_DBD_dimeric_10_1
SNAI2,6591,SNAI2_C2H2_DBD_monomeric_9_1
SOX1,6656,Sox1.1
SOX1,6656,Sox1_HMG_DBD_dimeric_13_1
SOX10,6663,SOX10_HMG_full_dimeric_14_1
SOX11,6664,Sox11.1
SOX11,6664,Sox11_HMG_DBD_dimeric_15_1
SOX12,6666,Sox12.1
SOX13,9580,Sox13.1
SOX14,8403,Sox14.1
SOX14,8403,SOX14_HMG_DBD_dimeric_12_1
SOX15,6665,Sox15.1
SOX15,6665,SOX15_HMG_full_dimeric_15_1
SOX17,64321,Sox17.1
SOX17,64321,Sox17_HMG_DBD_dimeric_15_1
SOX17,64321,Sox17_MA0078.1
SOX18,54345,Sox18.1
SOX18,54345,SOX18_HMG_full_dimeric_15_1
SOX2,6657,SOX2_HMG_full_dimeric_15_1
SOX2,6657,Sox2_MA0143.1
SOX21,11166,Sox21.1
SOX21,11166,SOX21_HMG_DBD_dimeric_13_2
SOX3,6658,Sox3_HMG_DBD_dimeric_17_1
SOX30,11063,Sox30.1
SOX4,6659,SOX4.1
SOX4,6659,SOX4_HMG_DBD_dimeric_16_1
SOX5,6660,Sox5.1
SOX7,83595,Sox7.1
SOX7,83595,SOX7_HMG_full_dimeric_16_1
SOX8,30812,Sox8.1
SOX8,30812,SOX8_HMG_DBD_dimeric_14_1
SOX9,6662,SOX9_HMG_DBD_monomeric_9_1
SOX9,6662,SOX9_MA0077.1
SP1,6667,SP1_C2H2_DBD_monomeric_11_1
SP1,6667,SP1_MA0079.2
SP100,6672,Sp100.1
SP3,6670,SP3_C2H2_DBD_monomeric_11_1
SP4,6671,Sp4.1
SP4,6671,SP4_C2H2_full_monomeric_17_1
SP8,221833,SP8_C2H2_DBD_monomeric_12_1
SPDEF,25803,Spdef.1
SPDEF,25803,SPDEF_ETS_full_monomeric_11_1
SPI1,6688,SPI1_ETS_full_monomeric_14_1
SPIB,6689,SPIB_ETS_DBD_monomeric_14_1
SPIC,121599,Spic.1
SPIC,121599,SPIC_ETS_full_monomeric_14_1
SPZ1,84654,Spz1_MA0111.1
SREBF1,6720,Srebf1_bHLH_DBD_dimeric_10_1
SREBF2,6721,SREBF2_bHLH_DBD_dimeric_10_1
SRF,6722,Srf.1
SRF,6722,SRF_MA0083.1
SRF,6722,SRF_MADS_DBD_dimeric_12_1
SRY,6736,Sry.1
SRY,6736,SRY_HMG_DBD_dimeric_13_1
SRY,6736,SRY_MA0084.1
STAT1,6772,STAT1_MA0137.2
STAT3,6774,Stat3_MA0144.1
T,6862,T_MA0009.1
T,6862,T_TBX_full_dimeric_16_1
TBP,6908,Tbp.1
TBP,6908,TBP_MA0108.2
TBR1,10716,TBR1_TBX_DBD_monomeric_10_1
TBX1,6899,TBX1_TBX_DBD_dimeric_19_1
TBX15,6913,TBX15_TBX_DBD_dimeric_19_1
TBX19,9095,TBX19_TBX_DBD_dimeric_20_1
TBX2,6909,TBX2_TBX_full_dimeric_18_1
TBX20,57057,TBX20_TBX_DBD_dimeric_19_1
TBX21,30009,TBX21_TBX_full_dimeric_16_1
TBX4,9496,TBX4_TBX_DBD_dimeric_20_1
TBX5,6910,TBX5_TBX_DBD_dimeric_20_1
TCF1,6927,Tcf1.2
TCF2,6928,Tcf2.1
TCF21,6943,Tcf21_bHLH_DBD_dimeric_14_1
TCF3,6929,Tcf3.1
TCF3,6929,TCF3_bHLH_DBD_dimeric_10_1
TCF4,6925,TCF4_bHLH_full_dimeric_10_1
TCF7,6932,Tcf7.1
TCF7,6932,Tcf7_HMG_DBD_monomeric_12_1
TCF7L1,83439,TCF7L1_HMG_full_monomeric_12_1
TCF7L2,6934,Tcf7l2.1
TCFAP2A,7020,Tcfap2a.1
TCFAP2A,7020,Tcfap2a_TFAP_DBD_dimeric_11_1
TCFAP2B,7021,Tcfap2b.1
TCFAP2C,7022,Tcfap2c.1
TCFAP2E,339488,Tcfap2e.1
TCFCP2L1,29842,Tcfcp2l1_MA0145.1
TCFE2A,6929,Tcfe2a.1
TEAD1,7003,TEAD1_MA0090.1
TEAD1,7003,TEAD1_TEA_full_dimeric_17_1
TEAD3,7005,TEAD3_TEA_DBD_dimeric_17_1
TEAD4,7004,TEAD4_TEA_DBD_monomeric_10_1
TEF,7008,TEF_bZIP_DBD_dimeric_12_1
TFAP2A,7020,TFAP2A_MA0003.1
TFAP2A,7020,TFAP2A_TFAP_DBD_dimeric_11_1
TFAP2B,7021,TFAP2B_TFAP_DBD_dimeric_11_1
TFAP2C,7022,TFAP2C_TFAP_full_dimeric_11_1
TFAP4,7023,TFAP4_bHLH_full_dimeric_10_1
TFCP2,7024,TFCP2_CP2_full_dimeric_10_1
TFE3,7030,TFE3_bHLH_DBD_dimeric_10_1
TFEB,7942,TFEB_bHLH_full_dimeric_10_1
TFEC,22797,TFEC_bHLH_DBD_dimeric_10_1
TGIF1,7050,Tgif1.1
TGIF1,7050,TGIF1_MEIS_DBD_dimeric_12_1
TGIF2,60436,Tgif2.1
TGIF2,60436,TGIF2_MEIS_DBD_dimeric_12_1
TGIF2LX,90316,TGIF2LX_MEIS_full_dimeric_12_1
THRA,7067,THRA_nuclearreceptor_FL_dimeric_18_1
THRB,7068,THRB_nuclearreceptor_DBD_dimeric_18_1
TITF1,7080,Titf1.1
TLX2,3196,Tlx2.1
TP53,7157,TP53_MA0106.1
TP53,7157,Tp53_p53l_DBD_dimeric_17_1
TP63,8626,TP63_p53l_DBD_dimeric_18_1
TP73,7161,Tp73_p53l_DBD_dimeric_18_1
UNCX,340260,Uncx_homeodomain_DBD_dimeric_13_1
UNCX4,340260,Uncx4.1
USF1,7391,USF1_bHLH_DBD_dimeric_10_1
ACAAT,NA,V_ACAAT_B_M00309
AFP1,NA,V_AFP1_Q6_M00616
AHR,196,V_AHR_01_M00139
AHRARNT,196,V_AHRARNT_01_M00235
AHRARNT,405,V_AHRARNT_01_M00235
AIRE,326,V_AIRE_01_M00999
ALPHACP1,4800,V_ALPHACP1_01_M00687
ALX3,257,V_ALX3_01_M01355
ALX4,60529,V_ALX4_01_M00619
AMEF2,4205,V_AMEF2_Q6_M00403
AML,861,V_AML_Q6_M00769
AML2,864,V_AML2_01_M01759
AML3,860,V_AML3_Q6_M01856
AP1,3725,V_AP1_01_M00517
AP1FJ,3725,V_AP1FJ_Q2_M00172
AP2,7020,V_AP2_Q3_M00800
AP2ALPHA,7020,V_AP2ALPHA_01_M00469
AP2BETA,7021,V_AP2BETA_Q3_M01858
AP3,7023,V_AP3_Q6_M00690
AP4,7020,V_AP4_01_M00005
APOLYA,NA,V_APOLYA_B_M00310
AR,367,V_AR_01_M00481
AREB6,6935,V_AREB6_01_M00412
ARID3A,1820,V_ARID3A_02_M02839
ARID5A,10865,V_ARID5A_03_M02736
ARNT,405,V_ARNT_01_M00236
ARP1,5308,V_ARP1_01_M00155
ARX,170302,V_ARX_01_M01423
ASCL2,430,V_ASCL2_03_M02737
ATATA,NA,V_ATATA_B_M00311
ATF,466,V_ATF_01_M00017
ATF1,466,V_ATF1_03_M02738
ATF2,1386,V_ATF2_Q5_M01862
ATF3,467,V_ATF3_Q6_01_M01863
ATF4,643159,V_ATF4_Q2_M00514
ATF5,22809,V_ATF5_01_M01295
BACH1,571,V_BACH1_01_M00495
BACH2,60468,V_BACH2_01_M00490
BARBIE,NA,V_BARBIE_01_M00238
BARHL1,56751,V_BARHL1_01_M01332
BARHL2,343472,V_BARHL2_01_M01446
BARX1,56033,V_BARX1_01_M01340
BARX2,8538,V_BARX2_01_M01431
BBX,56987,V_BBX_03_M02739
BCL6,604,V_BCL6_01_M01183
BCL6B,255877,V_BCL6B_03_M02740
BDP1,55814,V_BDP1_01_M01796
BEL1,NA,V_BEL1_B_M00312
BHLHB2,8553,V_BHLHB2_04_M02845
BLIMP1,639,V_BLIMP1_Q6_M01066
BRACH,6862,V_BRACH_01_M00150
BRCA,672,V_BRCA_01_M01082
BRF1,2972,V_BRF1_01_M01747
BRN2,5454,V_BRN2_01_M00145
BRN3C,5459,V_BRN3C_01_M01408
BRN4,5456,V_BRN4_01_M01473
BSX,390259,V_BSX_01_M01442
BTEB3,51621,V_BTEB3_Q5_M01865
CAAT,NA,V_CAAT_01_M00254
CACBINDINGPROTEIN,NA,V_CACBINDINGPROTEIN_Q6_M00720
CACCCBINDINGFACTOR,7707,V_CACCCBINDINGFACTOR_Q6_M00721
CART1,9618,V_CART1_01_M00416
CBF,10153,V_CBF_01_M01079
CDC5,988,V_CDC5_01_M00478
CDP,1523,V_CDP_01_M00095
CDPCR1,1523,V_CDPCR1_01_M00104
CDPCR3,1523,V_CDPCR3_01_M00105
CDPCR3HD,1523,V_CDPCR3HD_01_M00106
CDX,1044,V_CDX_Q5_M00991
CDX1,1044,V_CDX1_01_M01373
CDX2,1045,V_CDX2_01_M01449
CEBP,1050,V_CEBP_01_M00159
CEBPA,1050,V_CEBPA_01_M00116
CEBPB,1051,V_CEBPB_01_M00109
CEBPD,1052,V_CEBPD_Q6_M00621
CEBPE,1053,V_CEBPE_01_M01772
CEBPG,1054,V_CEBPG_Q6_01_M01869
CETS1,2113,V_CETS1_01_M01986
CETS1P54,2113,V_CETS1P54_01_M00032
CETS2,2114,V_CETS2_01_M01989
CHOP,1649,V_CHOP_01_M00249
CHX10,338917,V_CHX10_01_M00437
CIZ,171017,V_CIZ_01_M00734
CLOX,1523,V_CLOX_01_M00103
CMAF,4094,V_CMAF_01_M01070
CMYB,4602,V_CMYB_01_M00004
CMYC,4609,V_CMYC_01_M01145
CNOT3,4849,V_CNOT3_01_M01253
COE1,1879,V_COE1_Q6_M01871
COMP1,NA,V_COMP1_01_M00057
COREBINDINGFACTOR,10153,V_COREBINDINGFACTOR_Q6_M00722
COUP,NA,V_COUP_01_M00158
COUPTF,NA,V_COUPTF_Q6_M01036
CP2,7024,V_CP2_01_M00072
CPHX,NA,V_CPHX_01_M01478
CREB,1385,V_CREB_01_M00039
CREBATF,1385,V_CREBATF_Q6_M00981
CREBATF,1386,V_CREBATF_Q6_M00981
CREBP1,1386,V_CREBP1_01_M00040
CREBP1CJUN,1386,V_CREBP1CJUN_01_M00041
CREBP1CJUN,3725,V_CREBP1CJUN_01_M00041
CREL,5966,V_CREL_01_M00053
CREM,1390,V_CREM_Q6_M01820
CRX,1406,V_CRX_02_M01436
CTCF,10664,V_CTCF_01_M01200
CTF1,1489,V_CTF1_01_M01196
CUX1,1523,V_CUX1_03_M02958
DAX1,190,V_DAX1_01_M01248
DBP,1628,V_DBP_Q6_01_M01872
DBX1,120237,V_DBX1_01_M01483
DBX2,440097,V_DBX2_01_M01360
DEAF1,10522,V_DEAF1_01_M01001
DEC,5728,V_DEC_Q1_M00997
2-Dec,79365,V_DEC2_Q2_M01843
DELTAEF1,6935,V_DELTAEF1_01_M00073
DLX1,1745,V_DLX1_01_M01439
DLX2,1746,V_DLX2_01_M01468
DLX3,1747,V_DLX3_01_M01400
DLX5,1749,V_DLX5_01_M01388
DLX7,1748,V_DLX7_01_M01486
DMRT1,1761,V_DMRT1_01_M01146
DMRT2,10655,V_DMRT2_01_M01147
DMRT3,58524,V_DMRT3_01_M01148
DMRT4,63951,V_DMRT4_01_M01149
DMRT5,NA,V_DMRT5_01_M01150
DMRT7,NA,V_DMRT7_01_M01151
DOBOX4,NA,V_DOBOX4_01_M01359
DOBOX5,NA,V_DOBOX5_01_M01463
DR1,1810,V_DR1_Q3_M00762
DR3,8718,V_DR3_Q4_M00966
DR4,8797,V_DR4_Q2_M00965
DTYPEPA,NA,V_DTYPEPA_B_M00334
DUXBL,NA,V_DUXBL_01_M02968
DUXL,NA,V_DUXL_01_M01390
E12,6929,V_E12_Q6_M00693
E2,NA,V_E2_01_M00107
E2A,6929,V_E2A_Q2_M00804
E2F,1869,V_E2F_01_M00024
E2F1,1869,V_E2F1_01_M01250
E2F2,1870,V_E2F2_03_M02742
E2F3,1871,V_E2F3_03_M02743
E2F4,1874,V_E2F4_04_M02847
E2F6,1876,V_E2F6_01_M01252
E47,6929,V_E47_01_M00002
E4BP4,4783,V_E4BP4_01_M00045
E4F1,1877,V_E4F1_Q6_01_M02091
EAR2,2063,V_EAR2_Q2_M01728
EBF,1879,V_EBF_Q6_M00977
EBF1,1879,V_EBF1_01_M02267
EBNA1,NA,V_EBNA1_01_M01745
EBOX,NA,V_EBOX_Q6_01_M01034
EFC,5985,V_EFC_Q6_M00626
EGR,1958,V_EGR_Q6_M00807
EGR1,1958,V_EGR1_01_M00243
EGR2,1959,V_EGR2_01_M00246
EGR3,1960,V_EGR3_01_M00245
EHF,26298,V_EHF_02_M01974
EKLF,10661,V_EKLF_Q5_M01874
ELF,1997,V_ELF_02_M02053
ELF1,1997,V_ELF1_01_M01975
ELF2,1998,V_ELF2_02_M02054
ELF4,2000,V_ELF4_01_M01979
ELF5,2001,V_ELF5_01_M01197
ELK1,2002,V_ELK1_01_M00007
EMX2,2018,V_EMX2_01_M01461
EN1,2019,V_EN1_02_M01365
EN2,2020,V_EN2_01_M01455
EOMES,8320,V_EOMES_03_M02747
ER,2099,V_ER_Q6_02_M00959
ER71,2116,V_ER71_01_M01988
ER81,2115,V_ER81_01_M01987
ERALPHA,2099,V_ERALPHA_01_M01801
ERBETA,2100,V_ERBETA_Q5_M01875
ERF,2077,V_ERF_01_M01984
ERG,2078,V_ERG_01_M01752
ERM,2119,V_ERM_01_M01992
ERR1,2101,V_ERR1_Q2_01_M02093
ERR2,2103,V_ERR2_01_M01589
ERR3,2104,V_ERR3_Q2_01_M02094
ESE1,1999,V_ESE1_01_M01977
ESR1,2099,V_ESR1_01_M02261
ESR2,2100,V_ESR2_01_M02377
ESRRA,2101,V_ESRRA_03_M02748
ESX1,80712,V_ESX1_01_M01474
ETS,NA,V_ETS_B_M00340
ETS1,2113,V_ETS1_B_M00339
ETV3,2117,V_ETV3_01_M01990
ETV7,51513,V_ETV7_01_M02071
EVI1,2122,V_EVI1_01_M00078
EVX1,2128,V_EVX1_01_M01475
EVX2,344191,V_EVX2_01_M01386
EWSR1FLI1,2130,V_EWSR1FLI1_01_M02252
EWSR1FLI1,2313,V_EWSR1FLI1_01_M02252
FAC1,2186,V_FAC1_01_M00456
FKLF,8462,V_FKLF_Q5_M01837
FLI1,2313,V_FLI1_01_M02038
FOX,NA,V_FOX_Q2_M00809
FOXA2,3170,V_FOXA2_02_M02853
FOXD3,27022,V_FOXD3_01_M00130
FOXJ1,2302,V_FOXJ1_03_M02750
FOXJ2,55810,V_FOXJ2_01_M00422
FOXJ3,22887,V_FOXJ3_06_M02855
FOXK1,221937,V_FOXK1_03_M02752
FOXL1,2300,V_FOXL1_02_M02857
FOXM1,2305,V_FOXM1_01_M00630
FOXO1,2308,V_FOXO1_01_M00473
FOXO3,2309,V_FOXO3_01_M00477
FOXO3A,2309,V_FOXO3A_Q1_M01137
FOXO4,4303,V_FOXO4_01_M00472
FOXP1,27086,V_FOXP1_01_M00987
FOXP3,50943,V_FOXP3_01_M01599
FPM315,10127,V_FPM315_01_M01587
FRA1,8061,V_FRA1_Q5_M01267
FREAC2,2295,V_FREAC2_01_M00290
FREAC3,2296,V_FREAC3_01_M00291
FREAC4,2297,V_FREAC4_01_M00292
FREAC7,2300,V_FREAC7_01_M00293
FXR,9971,V_FXR_IR1_Q6_M00767
GABP,NA,V_GABP_B_M00341
GABPA,2551,V_GABPA_01_M02039
GABPBETA,2553,V_GABPBETA_Q3_M01876
GADP,2551,V_GADP_01_M01258
GAF,2254,V_GAF_Q6_M01209
GATA,NA,V_GATA_C_M00203
GATA1,2623,V_GATA1_01_M00075
GATA2,2624,V_GATA2_01_M00076
GATA3,2625,V_GATA3_01_M00077
GATA4,2626,V_GATA4_Q3_M00632
GATA5,140628,V_GATA5_03_M02756
GATA6,2627,V_GATA6_01_M00462
GBX1,2636,V_GBX1_01_M01371
GBX2,2637,V_GBX2_01_M01382
GC,2638,V_GC_01_M00255
GCM,NA,V_GCM_Q2_M00634
GCM1,8521,V_GCM1_03_M02758
GCNF,2649,V_GCNF_01_M00526
GEN,NA,V_GEN_INI_B_M00315
GFI1,2672,V_GFI1_01_M00250
GFI1B,8328,V_GFI1B_01_M01058
GKLF,9314,V_GKLF_02_M01588
GLI,NA,V_GLI_Q2_M01037
GLI1,2735,V_GLI1_01_M01702
GLI2,2736,V_GLI2_01_M01703
GLI3,2737,V_GLI3_01_M01596
GLIS2,84662,V_GLIS2_03_M02759
GM397,NA,V_GM397_03_M02760
GM497,NA,V_GM497_04_M02864
GMEB1,10691,V_GMEB1_03_M02761
GR,2908,V_GR_01_M00955
GRE,2908,V_GRE_C_M00205
GSC,145258,V_GSC_01_M01428
GSH2,170825,V_GSH2_01_M01326
GTF2IRD1,9569,V_GTF2IRD1_01_M01229
GZF1,64412,V_GZF1_01_M01069
HAND1E47,NA,V_HAND1E47_01_M00222
HB24,3142,V_HB24_01_M01399
HB9,3110,V_HB9_01_M01349
HBP1,26959,V_HBP1_03_M02762
HDX,139324,V_HDX_01_M01333
HELIOSA,22807,V_HELIOSA_01_M01003
HEN1,113802,V_HEN1_01_M00068
HES1,3280,V_HES1_Q2_M01009
HFH1,94234,V_HFH1_01_M00129
HFH3,2299,V_HFH3_01_M00289
HFH4,2302,V_HFH4_01_M00742
HFH8,2294,V_HFH8_01_M00294
HIC1,3090,V_HIC1_02_M01072
HIF1,3091,V_HIF1_Q3_M00797
HIF2A,2034,V_HIF2A_01_M01249
HLF,3131,V_HLF_01_M00260
HMBOX1,79618,V_HMBOX1_01_M01456
HMEF2,4205,V_HMEF2_Q6_M00406
HMGA2,8091,V_HMGA2_01_M01300
HMGIY,31589,V_HMGIY_Q3_M01010
HMX1,3166,V_HMX1_01_M00433
HMX3,340784,V_HMX3_02_M01413
HNF1,142410,V_HNF1_01_M00132
HNF1A,6927,V_HNF1A_01_M02162
HNF1B,6928,V_HNF1B_01_M01425
HNF3,3169,V_HNF3_Q6_01_M01012
HNF3A,3169,V_HNF3A_01_M01261
HNF3A,3170,V_HNF3A_01_M01261
HNF3ALPHA,3169,V_HNF3ALPHA_Q6_M00724
HNF3B,3170,V_HNF3B_01_M00131
HNF3G,3171,V_HNF3G_Q4_M02015
HNF4,3172,V_HNF4_01_B_M00411
HNF4A,3172,V_HNF4A_02_M02868
HNF4ALPHA,3172,V_HNF4ALPHA_Q6_M00638
HNF6,3175,V_HNF6_Q6_M00639
HOMEZ,57594,V_HOMEZ_01_M01429
HOX13,3209,V_HOX13_01_M00023
HOXA1,3198,V_HOXA1_01_M01487
HOXA10,3206,V_HOXA10_01_M01464
HOXA11,3207,V_HOXA11_01_M01378
HOXA13,3209,V_HOXA13_02_M01297
HOXA2,3199,V_HOXA2_01_M01402
HOXA3,3200,V_HOXA3_01_M00395
HOXA4,3201,V_HOXA4_01_M01370
HOXA5,3202,V_HOXA5_03_M02271
HOXA6,3203,V_HOXA6_01_M01392
HOXA7,3204,V_HOXA7_02_M01336
HOXA9,3205,V_HOXA9_01_M01351
HOXB13,10481,V_HOXB13_01_M01467
HOXB3,3213,V_HOXB3_01_M01330
HOXB4,3214,V_HOXB4_01_M01424
HOXB5,3215,V_HOXB5_01_M01319
HOXB6,3216,V_HOXB6_01_M01460
HOXB7,3217,V_HOXB7_01_M01396
HOXB8,3218,V_HOXB8_01_M01451
HOXB9,3219,V_HOXB9_01_M01426
HOXC10,3226,V_HOXC10_01_M01361
HOXC11,3227,V_HOXC11_01_M01329
HOXC12,3228,V_HOXC12_01_M01437
HOXC13,3229,V_HOXC13_01_M01317
HOXC4,3221,V_HOXC4_01_M01369
HOXC5,3222,V_HOXC5_01_M01454
HOXC6,3223,V_HOXC6_01_M01406
HOXC8,3224,V_HOXC8_01_M01321
HOXC9,3225,V_HOXC9_01_M01416
HOXD1,3231,V_HOXD1_01_M01448
HOXD10,3236,V_HOXD10_01_M01375
HOXD11,3237,V_HOXD11_01_M01434
HOXD12,3238,V_HOXD12_01_M01380
HOXD13,3239,V_HOXD13_01_M01404
HOXD3,3232,V_HOXD3_01_M01338
HOXD8,3234,V_HOXD8_01_M01432
HOXD9,3235,V_HOXD9_Q2_M01834
HP1SITEFACTOR,NA,V_HP1SITEFACTOR_Q6_M00725
HSF,3297,V_HSF_Q6_M00641
HSF1,3297,V_HSF1_01_M00146
HSF2,3298,V_HSF2_01_M00147
HTF,7494,V_HTF_01_M00538
ICSBP,3394,V_ICSBP_Q6_M00699
IK,644456,V_IK_Q5_M01169
IK1,10320,V_IK1_01_M00086
IK2,22807,V_IK2_01_M00087
IK3,22806,V_IK3_01_M00088
INSM1,3642,V_INSM1_01_M02268
IPF1,3651,V_IPF1_01_M01233
IRC900814,NA,V_IRC900814_03_M02766
IRF,NA,V_IRF_Q6_01_M00972
IRF1,3659,V_IRF1_01_M00062
IRF2,3660,V_IRF2_01_M00063
IRF3,3661,V_IRF3_05_M02767
IRF4,3662,V_IRF4_03_M02768
IRF5,3663,V_IRF5_03_M02769
IRF6,3664,V_IRF6_03_M02770
IRF7,3665,V_IRF7_01_M00453
IRX2,153572,V_IRX2_01_M01405
IRX3,79191,V_IRX3_01_M01318
IRX4,50805,V_IRX4_01_M01410
IRX5,10265,V_IRX5_01_M01472
IRXB3,79190,V_IRXB3_01_M01377
ISGF3G,10379,V_ISGF3G_03_M02771
ISGF4G,10379,V_ISGF4G_04_M02875
ISL1,3670,V_ISL1_Q6_M01127
ISL2,64843,V_ISL2_01_M01328
ISRE,10379,V_ISRE_01_M00258
ISX,91464,V_ISX_01_M01331
JUNDM2,3725,V_JUNDM2_03_M02772
JUNDM2,7555,V_JUNDM2_03_M02772
NA,NA,V_K2B_01_M01348
KAISO,10009,V_KAISO_01_M01119
KLF15,28999,V_KLF15_Q2_M01714
KLF7,8609,V_KLF7_03_M02773
KROX,NA,V_KROX_Q6_M00982
LBP9,29842,V_LBP9_01_M01592
LBX2,85474,V_LBX2_01_M01401
LDSPOLYA,NA,V_LDSPOLYA_B_M00317
LEF1,51176,V_LEF1_03_M02878
LEF1TCF1,51176,V_LEF1TCF1_Q4_M00978
LEF1TCF1,6927,V_LEF1TCF1_Q4_M00978
LHX2,9355,V_LHX2_01_M01325
LHX3,8022,V_LHX3_01_M01471
LHX3A,8022,V_LHX3A_01_M00510
LHX3B,8022,V_LHX3b_01_M01971
LHX4,89884,V_LHX4_01_M01421
LHX5,64211,V_LHX5_01_M01353
LHX61,26468,V_LHX61_01_M01314
LHX8,431707,V_LHX8_01_M01440
LHX9,56956,V_LHX9_01_M01367
LIM1,3975,V_LIM1_01_M01418
LMAF,389692,V_LMAF_Q2_M01139
LMO2COM,4005,V_LMO2COM_01_M00277
LMX1,4009,V_LMX1_01_M01409
LMX1B,4010,V_LMX1B_01_M01363
LPOLYA,NA,V_LPOLYA_B_M00318
LRH1,2494,V_LRH1_Q5_01_M02098
LTF,4057,V_LTF_Q6_M01692
LUN1,NA,V_LUN1_01_M00480
LXR,10062,V_LXR_DR4_Q3_M00766
LXRA,10062,V_LXRA_RXRA_Q3_M00647
LXRB,7376,V_LXRB_RXRA_Q5_M02021
LYF1,10320,V_LYF1_01_M00141
MAF,4094,V_MAF_Q6_01_M00983
MAFB,9935,V_MAFB_03_M02879
MAFK,7975,V_MAFK_03_M02776
MATH1,474,V_MATH1_Q2_M01716
MAX,4149,V_MAX_01_M00119
MAZ,4150,V_MAZ_Q6_01_M02023
MAZR,23598,V_MAZR_01_M00491
MECP2,4204,V_MECP2_01_M01298
MEF2,4205,V_MEF2_01_M00006
MEF2A,4205,V_MEF2A_05_M01301
MEF3,23089,V_MEF3_B_M00319
MEIS1,4211,V_MEIS1_01_M00419
MEIS1AHOXA9,4211,V_MEIS1AHOXA9_01_M00420
MEIS1AHOXA9,3205,V_MEIS1AHOXA9_01_M00420
MEIS1BHOXA9,4211,V_MEIS1BHOXA9_02_M00421
MEIS1BHOXA9,3205,V_MEIS1BHOXA9_02_M00421
MEIS2,4212,V_MEIS2_01_M01488
MEQ,NA,V_MEQ_01_M02049
MEQCJUN,NA,V_MEQCJUN_02_M02048
MIF1,3097,V_MIF1_01_M00279
MINI19,NA,V_MINI19_B_M00323
MINI20,NA,V_MINI20_B_M00324
MMEF2,4205,V_MMEF2_Q6_M00405
MOX1,4222,V_MOX1_01_M01443
MRF2,84159,V_MRF2_01_M00454
MRG2,56917,V_MRG2_01_M01395
MSX1,4487,V_MSX1_01_M00394
MSX2,4488,V_MSX2_01_M01393
MSX3,NA,V_MSX3_01_M01341
MTATA,NA,V_MTATA_B_M00320
MTERF,7978,V_MTERF_01_M01245
MTF1,4520,V_MTF1_01_M01242
MUSCLE,NA,V_MUSCLE_INI_B_M00321
MYB,4602,V_MYB_03_M02883
MYBL1,4603,V_MYBL1_03_M02780
MYC,4609,V_MYC_01_M02250
MYCMAX,4609,V_MYCMAX_01_M00118
MYCMAX,4149,V_MYCMAX_01_M00118
MYCN,4613,V_MYCN_01_M02259
MYF,4654,V_MYF_01_M01302
MYF6,4618,V_MYF6_03_M02781
MYOD,4654,V_MYOD_01_M00001
MYOGNF1,4656,V_MYOGNF1_01_M00056
MYOGNF1,4782,V_MYOGNF1_01_M00056
MZF1,7593,V_MZF1_02_M00084
NANOG,79923,V_NANOG_01_M01123
NCX,3196,V_NCX_01_M00484
NERF,1998,V_NERF_01_M01976
NET,2004,V_NET_01_M01982
NEUROD,4760,V_NEUROD_02_M01288
NF1,4763,V_NF1_Q6_01_M00806
NF1A,4774,V_NF1A_Q6_M02103
NFAT,NA,V_NFAT_Q4_01_M00935
NFAT2,4772,V_NFAT2_01_M01748
NFAT3,4776,V_NFAT3_Q3_M01734
NFE2,4778,V_NFE2_01_M00037
NFE2L2,4780,V_NFE2L2_01_M02263
NFE4,58160,V_NFE4_Q5_M02105
NFKAPPAB,4790,V_NFKAPPAB_01_M00054
NFKAPPAB50,4790,V_NFKAPPAB50_01_M00051
NFKAPPAB65,4790,V_NFKAPPAB65_01_M00052
NFKB,4790,V_NFKB_C_M00208
NFMUE1,NA,V_NFMUE1_Q6_M00651
NFY,4800,V_NFY_01_M00287
NFYA,4800,V_NFYA_Q5_M02106
NFYC,4802,V_NFYC_Q5_M02107
NGFIC,1961,V_NGFIC_01_M00244
NKX11,54729,V_NKX11_01_M01334
NKX12,390010,V_NKX12_01_M01427
NKX21,7080,V_NKX21_01_M01312
NKX22,4821,V_NKX22_01_M00485
NKX23,159296,V_NKX23_01_M01457
NKX24,644524,V_NKX24_01_M01350
NKX25,1482,V_NKX25_02_M00241
NKX26,137814,V_NKX26_01_M01322
NKX29,26257,V_NKX29_01_M01352
NKX31,4824,V_NKX31_02_M02782
NKX32,579,V_NKX32_02_M01482
NKX3A,4824,V_NKX3A_01_M00451
NKX52,3167,V_NKX52_01_M01315
NKX61,4825,V_NKX61_01_M00424
NKX62,84504,V_NKX62_Q2_M00489
NKX63,157848,V_NKX63_01_M01470
NMYC,4613,V_NMYC_01_M00055
NR1B1,5914,V_NR1B1_Q6_M02110
NR2F2,7026,V_NR2F2_03_M02783
NR3C1,2908,V_NR3C1_01_M02219
NRF1,4899,V_NRF1_Q6_M00652
NRF2,4780,V_NRF2_01_M00108
NRSE,5978,V_NRSE_B_M00325
NRSF,5978,V_NRSF_01_M00256
NUR77,3164,V_NUR77_Q5_M01217
OBOX1,NA,V_OBOX1_01_M01450
OBOX2,NA,V_OBOX2_01_M01364
OBOX3,NA,V_OBOX3_01_M01466
OBOX5,NA,V_OBOX5_01_M01381
OBOX6,NA,V_OBOX6_01_M01445
OCAB,5450,V_OCAB_Q6_M02113
OCT,5451,V_OCT_C_M00210
1-Oct,5451,V_OCT1_01_M00135
2-Oct,5452,V_OCT2_01_M01368
4-Oct,5460,V_OCT4_01_M01125
OCTAMER,5455,V_OCTAMER_01_M01324
OG2,135935,V_OG2_02_M01441
OLF1,1879,V_OLF1_01_M00261
OSF2,860,V_OSF2_Q6_M00731
OSR1,130497,V_OSR1_03_M02784
OSR2,116039,V_OSR2_03_M02785
OTP,23440,V_OTP_01_M01323
OTX,5013,V_OTX_Q1_M01117
OTX1,5013,V_OTX1_01_M01366
OTX2,5015,V_OTX2_01_M01387
OTX3,1406,V_OTX3_01_M01403
P300,2033,V_P300_01_M00033
P50P50,4790,V_P50P50_Q3_M01223
P50RELAP65,4790,V_P50RELAP65_Q5_01_M01224
P50RELAP65,5970,V_P50RELAP65_Q5_01_M01224
P53,7157,V_P53_01_M00034
P63,8626,V_P63_01_M01656
PADS,NA,V_PADS_C_M00211
PARP,142,V_PARP_Q3_M01211
PAX,NA,V_PAX_Q6_M00808
PAX1,5075,V_PAX1_B_M00326
PAX2,5076,V_PAX2_01_M00098
PAX3,5077,V_PAX3_01_M00360
PAX4,5078,V_PAX4_01_M00373
PAX5,5079,V_PAX5_01_M00143
PAX6,5080,V_PAX6_01_M00097
PAX7,5081,V_PAX7_01_M01339
PAX8,7849,V_PAX8_01_M00717
PAX9,5083,V_PAX9_B_M00329
PBX,NA,V_PBX_Q3_M00998
PBX1,5087,V_PBX1_01_M00096
PDEF,25803,V_PDEF_01_M02040
PEA3,2118,V_PEA3_01_M01991
PEBP,5037,V_PEBP_Q6_M00984
PET1,54738,V_PET1_01_M02037
PIT1,5449,V_PIT1_01_M01465
PITX1,5307,V_PITX1_01_M01484
PITX2,5308,V_PITX2_01_M01447
PITX3,5309,V_PITX3_01_M01343
PKNOX2,63876,V_PKNOX2_01_M01411
PLAG1,5324,V_PLAG1_01_M01778
PLAGL1,5325,V_PLAGL1_03_M02786
PLZF,7704,V_PLZF_02_M01075
PMX2A,401,V_PMX2A_01_M01444
PMX2B,8929,V_PMX2B_01_M01356
PNR,10002,V_PNR_01_M01650
POLY,NA,V_POLY_C_M00212
POU1F1,5449,V_POU1F1_Q6_M00744
POU2F3,25833,V_POU2F3_01_M01476
POU3F2,5454,V_POU3F2_01_M00463
POU3F3,5455,V_POU3F3_01_M03090
POU5F1,5460,V_POU5F1_01_M01307
POU6F1,5463,V_POU6F1_01_M00465
PPAR,NA,V_PPAR_DR1_Q2_M00763
PPARA,5465,V_PPARA_01_M00242
PPARG,5468,V_PPARG_01_M00512
PPARGRXRA,5468,V_PPARGRXRA_01_M02262
PPARGRXRA,6256,V_PPARGRXRA_01_M02262
PR,5241,V_PR_01_M00954
PREP1,5316,V_PREP1_01_M01459
PROP1,5626,V_PROP1_01_M01294
PRX2,51450,V_PRX2_Q2_M02115
PSX1,NA,V_PSX1_01_M01435
PTF1BETA,NA,V_PTF1BETA_Q6_M00657
PU1,6688,V_PU1_Q4_M01172
PUR1,NA,V_PUR1_Q4_M01721
PXR,8856,V_PXR_Q2_M00964
PXRRXR,8856,V_PXRRXR_02_M01153
PXRRXR,6256,V_PXRRXR_02_M01153
R,NA,V_R_01_M00273
RARA,5914,V_RARA_03_M02787
RAX,30062,V_RAX_01_M01389
RBPJK,3516,V_RBPJK_01_M01112
RELBP52,NA,V_RELBP52_01_M01239
REST,5978,V_REST_01_M01256
REX1,132625,V_REX1_01_M01695
RFX,5989,V_RFX_Q6_M00975
RFX1,5989,V_RFX1_01_M00280
RFX3,5991,V_RFX3_04_M02788
RFX4,5992,V_RFX4_03_M02789
RFXDC2,NA,V_RFXDC2_03_M02790
RHOX11,NA,V_RHOX11_01_M01347
RNF96,10155,V_RNF96_01_M01199
ROAZ,23090,V_ROAZ_01_M00467
RORA,6095,V_RORA_Q4_M01138
RORA1,6095,V_RORA1_01_M00156
RORA2,6095,V_RORA2_01_M00157
RP58,10472,V_RP58_01_M00532
RPC155,11128,V_RPC155_01_M01798
RREB1,6239,V_RREB1_01_M00257
RSRFC4,4205,V_RSRFC4_01_M00026
RUNX1,861,V_RUNX1_01_M02257
RUSH1A,6596,V_RUSH1A_02_M01107
RXRA,6256,V_RXRA_03_M02791
RXRLXRB,6256,V_RXRLXRB_01_M01198
RXRLXRB,7376,V_RXRLXRB_01_M01198
S8,NA,V_S8_01_M00099
SAP1A,4068,V_SAP1A_01_M01167
SATB1,6304,V_SATB1_01_M01232
SEF1,NA,V_SEF1_C_M00214
SF1,7536,V_SF1_Q6_01_M01132
SFPI1,6688,V_SFPI1_04_M02896
SHOX2,6474,V_SHOX2_01_M01415
SIRT6,51548,V_SIRT6_01_M01797
SIX1,6495,V_SIX1_01_M01313
SIX2,10736,V_SIX2_01_M01433
SIX3,6496,V_SIX3_01_M01358
SIX4,51804,V_SIX4_01_M01374
SIX6,4990,V_SIX6_01_M01345
SMAD,NA,V_SMAD_Q6_01_M00974
SMAD1,4086,V_SMAD1_01_M01590
SMAD3,4088,V_SMAD3_03_M02794
SMAD4,4089,V_SMAD4_04_M02898
SOX,NA,V_SOX_Q6_M01014
SOX1,6656,V_SOX1_03_M02802
SOX11,6664,V_SOX11_03_M02795
SOX12,6666,V_SOX12_03_M02796
SOX13,9580,V_SOX13_03_M02797
SOX14,8403,V_SOX14_03_M02798
SOX15,6665,V_SOX15_03_M02799
SOX17,64321,V_SOX17_04_M02904
SOX18,54345,V_SOX18_03_M02801
SOX2,6657,V_SOX2_01_M02246
SOX21,11166,V_SOX21_03_M02803
SOX30,11063,V_SOX30_03_M02804
SOX4,6659,V_SOX4_01_M01308
SOX40,NA,V_SOX40_04_M02908
SOX5,6660,V_SOX5_01_M00042
SOX7,83595,V_SOX7_03_M02807
SOX8,30812,V_SOX8_03_M02808
SOX9,6662,V_SOX9_B1_M00410
SP1,6667,V_SP1_01_M00008
SP100,6672,V_SP100_03_M02809
SP1SP3,6667,V_SP1SP3_Q4_M01219
SP1SP3,6670,V_SP1SP3_Q4_M01219
SP3,6670,V_SP3_Q3_M00665
SP4,6671,V_SP4_03_M02810
SPDEF,25803,V_SPDEF_03_M02811
SPI1,6688,V_SPI1_01_M01203
SPIB,6689,V_SPIB_01_M01204
SPIC,121599,V_SPIC_01_M02042
SPZ1,84654,V_SPZ1_01_M00446
SREBP,NA,V_SREBP_Q3_M00776
SREBP1,6720,V_SREBP1_01_M00220
SREBP2,6721,V_SREBP2_Q6_M01177
SRF,6722,V_SRF_01_M00152
SRY,6736,V_SRY_02_M00160
STAF,7702,V_STAF_01_M00262
STAT,NA,V_STAT_01_M00223
STAT1,6772,V_STAT1_01_M00224
STAT1STAT1,6772,V_STAT1STAT1_Q3_M01212
STAT3,6774,V_STAT3_01_M00225
STAT3STAT3,6774,V_STAT3STAT3_Q3_M01220
STAT4,6775,V_STAT4_Q4_M01666
STAT5A,6776,V_STAT5A_01_M00457
STAT5B,6777,V_STAT5B_01_M00459
STAT6,6778,V_STAT6_01_M00494
STRA13,201254,V_STRA13_01_M00985
SZF11,51385,V_SZF11_01_M01109
T3R,NA,V_T3R_01_M00239
T3RALPHA,7067,V_T3RALPHA_Q6_M01724
T3RBETA,7068,V_T3RBETA_Q6_01_M02119
TAACC,NA,V_TAACC_B_M00331
TAL1,6886,V_TAL1_01_M01591
TAL1ALPHAE47,6886,V_TAL1ALPHAE47_01_M00066
TAL1ALPHAE47,6929,V_TAL1ALPHAE47_01_M00066
TAL1BETAE47,6886,V_TAL1BETAE47_01_M00065
TAL1BETAE47,6929,V_TAL1BETAE47_01_M00065
TAL1BETAITF2,6886,V_TAL1BETAITF2_01_M00070
TAL1BETAITF2,6925,V_TAL1BETAITF2_01_M00070
TATA,6908,V_TATA_01_M00252
TAXCREB,NA,V_TAXCREB_01_M00114
TBP,6908,V_TBP_01_M00471
TBR2,8320,V_TBR2_01_M01774
TBX15,6913,V_TBX15_01_M01263
TBX18,9096,V_TBX18_01_M01262
TBX22,50945,V_TBX22_01_M01195
TBX5,6910,V_TBX5_01_M01019
TCF1,6927,V_TCF1_06_M02815
TCF11,4779,V_TCF11_01_M00285
TCF11MAFG,4779,V_TCF11MAFG_01_M00284
TCF11MAFG,4097,V_TCF11MAFG_01_M00284
TCF3,6929,V_TCF3_01_M01594
TCF4,6925,V_TCF4_01_M01705
TCF7,6932,V_TCF7_03_M02817
TCF7L2,6934,V_TCF7L2_04_M02922
TCFAP2A,7020,V_TCFAP2A_03_M02819
TCFAP2B,7021,V_TCFAP2B_03_M02820
TCFAP2C,7022,V_TCFAP2C_03_M02821
TCFAP2E,339488,V_TCFAP2E_03_M02822
TCFE2A,NA,V_TCFE2A_03_M02823
TEF,7008,V_TEF_01_M01305
TEF1,7003,V_TEF1_Q6_03_M01817
TEL1,2120,V_TEL1_01_M01993
TEL2,51513,V_TEL2_Q6_M00678
TFE,7942,V_TFE_Q6_M01029
TFEB,7942,V_TFEB_01_M01768
TFIIA,2957,V_TFIIA_Q6_M00707
TFIII,2969,V_TFIII_Q6_M00706
TGIF,7050,V_TGIF_01_M00418
TGIF1,7050,V_TGIF1_01_M03111
TGIF2,60436,V_TGIF2_01_M01407
TITF1,7080,V_TITF1_Q3_M00432
TR4,7182,V_TR4_03_M01782
TRF1,7013,V_TRF1_01_M01237
TST1,5453,V_TST1_01_M00133
TTF1,7270,V_TTF1_Q5_M02034
UF1H3BETA,NA,V_UF1H3BETA_Q6_M01068
UNCX4.1,340260,V_UNCX4.1_01_M01458
USF,NA,V_USF_01_M00121
VAX1,11023,V_VAX1_01_M01397
VAX2,25806,V_VAX2_01_M01327
VBP,7411,V_VBP_01_M00228
VDR,7421,V_VDR_Q3_M00444
VDRRXR,7421,V_VDRRXR_01_M01202
VDRRXR,6256,V_VDRRXR_01_M01202
VJUN,3725,V_VJUN_01_M00036
VMAF,4094,V_VMAF_01_M00035
VMYB,4602,V_VMYB_01_M00003
VSX1,30813,V_VSX1_01_M01335
WHN,8456,V_WHN_B_M00332
WT1,7490,V_WT1_Q6_01_M02036
XBP1,7494,V_XBP1_01_M00251
XFD1,NA,V_XFD1_01_M00267
XFD2,NA,V_XFD2_01_M00268
XFD3,NA,V_XFD3_01_M00269
XPF1,NA,V_XPF1_Q6_M00684
XVENT1,NA,V_XVENT1_01_M00445
YY1,7528,V_YY1_01_M00059
ZABC1,7764,V_ZABC1_01_M01306
ZBED6,100381270,V_ZBED6_01_M01598
ZBP89,7707,V_ZBP89_Q4_M01816
ZBRK1,59348,V_ZBRK1_01_M01105
ZBTB12,221527,V_ZBTB12_03_M02824
ZBTB3,79842,V_ZBTB3_03_M02825
ZBTB4,57659,V_ZBTB4_04_M02929
ZBTB7B,51043,V_ZBTB7B_03_M02826
ZEC,89887,V_ZEC_01_M01081
ZF5,7541,V_ZF5_B_M00333
ZFP105,7584,V_ZFP105_03_M02827
ZFP128,7554,V_ZFP128_03_M02828
ZFP161,7541,V_ZFP161_04_M02933
ZFP187,NA,V_ZFP187_03_M02830
ZFP206,84891,V_ZFP206_01_M01742
ZFP281,NA,V_ZFP281_01_M01597
ZFP410,NA,V_ZFP410_03_M02832
ZFP691,51058,V_ZFP691_03_M02833
ZFP740,283337,V_ZFP740_03_M02834
ZFX,7543,V_ZFX_01_M01593
ZIC1,7545,V_ZIC1_01_M00448
ZIC2,7546,V_ZIC2_01_M00449
ZIC3,7547,V_ZIC3_01_M00450
ZID,10773,V_ZID_01_M00085
ZNF219,51222,V_ZNF219_01_M01122
ZNF515,169792,V_ZNF515_01_M01231
ZSCAN4,201516,V_ZSCAN4_03_M02838
ZTA,NA,V_ZTA_Q2_M00711
VAX1,11023,Vax1.1
VAX1,11023,VAX1_homeodomain_DBD_monomeric_8_1
VAX2,25806,Vax2.1
VAX2,25806,VAX2_homeodomain_DBD_monomeric_8_1
VDR,7421,VDR_nuclearreceptor_full_dimeric_16_1
VENTX,27287,VENTX_homeodomain_DBD_dimeric_21_1
VSX1,30813,Vsx1.1
VSX1,30813,Vsx1_homeodomain_DBD_monomeric_8_1
VSX2,338917,VSX2_homeodomain_DBD_monomeric_8_1
XBP1,7494,XBP1_bZIP_DBD_dimeric_12_1
YY1,7528,YY1_C2H2_full_monomeric_11_1
YY2,404281,YY2_C2H2_full_dimeric_12_1
ZBED1,9189,ZBED1_znf_BED_DBD_dimeric_13_1
ZBTB12,221527,Zbtb12.1
ZBTB3,79842,Zbtb3.1
ZBTB49,166793,ZBTB49_C2H2_DBD_monomeric_17_1
ZBTB7A,51341,ZBTB7A_C2H2_DBD_monomeric_12_1
ZBTB7B,51043,Zbtb7b.1
ZBTB7B,51043,ZBTB7B_C2H2_full_monomeric_12_1
ZBTB7C,201501,ZBTB7C_C2H2_full_monomeric_12_1
ZFP105,7584,Zfp105.1
ZFP128,7554,Zfp128.1
ZFP161,7541,Zfp161.1
ZFP187,7741,Zfp187.1
ZFP281,23528,Zfp281.1
ZFP410,57862,Zfp410.1
ZFP423,23090,Zfp423_MA0116.1
ZFP652,22834,Zfp652_C2H2_DBD_monomeric_13_1
ZFP691,51058,Zfp691.1
ZFP740,283337,Zfp740.1
ZFP740,283337,Zfp740_C2H2_DBD_monomeric_10_1
ZFX,7543,Zfx_MA0146.1
ZIC1,7545,Zic1.1
ZIC1,7545,ZIC1_C2H2_full_monomeric_14_1
ZIC2,7546,Zic2.1
ZIC3,7547,Zic3.1
ZIC3,7547,ZIC3_C2H2_full_monomeric_15_1
ZIC4,84107,ZIC4_C2H2_DBD_monomeric_15_1
ZIF268,1958,Zif268.1
ZNF143,7702,ZNF143_C2H2_DBD_monomeric_16_1
ZNF143,7702,znf143_MA0088.1
ZNF232,7775,ZNF232_C2H2_full_monomeric_19_1
ZNF238,10472,ZNF238_C2H2_full_monomeric_13_1
ZNF282,8427,ZNF282_C2H2_DBD_monomeric_17_1
ZNF306,80317,ZNF306_C2H2_full_monomeric_14_1
ZNF410,57862,ZNF410_C2H2_DBD_monomeric_17_1
ZNF435,80345,ZNF435_C2H2_full_dimeric_18_1
ZNF524,147807,ZNF524_C2H2_full_dimeric_12_1
ZNF713,349075,ZNF713_C2H2_full_monomeric_17_1
ZNF740,283337,ZNF740_C2H2_full_monomeric_10_1
ZNF75A,7627,ZNF75A_C2H2_DBD_monomeric_12_1
ZNF784,147808,ZNF784_C2H2_full_monomeric_10_1
ZSCAN4,201516,Zscan4.1
ZSCAN4,201516,ZSCAN4_C2H2_full_monomeric_15_1
